{"cameraMode":{"drawMode":0,"name":"Shaded","section":"Shading Mode"},"sceneLighting":true,"audioPlay":false,"sceneViewState":{"showFog":true,"showMaterialUpdate":true,"showSkybox":true,"showFlares":true,"showImageEffects":true,"showParticleSystems":true},"in2DMode":false,"pivot":{"x":10.570873260498047,"y":-10.683130264282227,"z":0.31349754333496096},"rotation":{"x":-0.4273797869682312,"y":0.03253563866019249,"z":-0.01539208460599184,"w":-0.9033554792404175},"size":41.05073928833008,"orthographic":false}